id;identity;expiry;issuing_country;document_number;passport_type
1;Designer Wyoming Movies;2022-08-01;backing District;Tactics Designer;DIPLOMATIC
2;Oman;2022-08-01;Borders programming;collaboration port;DIPLOMATIC
3;invoice Incredible;2022-08-01;Steel SMTP;target Computer Right-sized;REGULAR
4;synthesize;2022-08-01;capacitor Avon;Loan application USB;DIPLOMATIC
5;Nebraska Specialist;2022-08-01;Advanced Baby;haptic deposit Licensed;REGULAR
6;Skyway eco-centric transmitting;2022-08-01;Investment Borders supply-chains;Krone Forward Games;REGULAR
7;User;2022-08-01;Diverse ROI Mexico;Fresh;REGULAR
8;Cheese Street;2022-08-01;RSS Kids;override;DIPLOMATIC
9;bleeding-edge;2022-07-31;Account transmitter uniform;needs-based Engineer;REGULAR
10;Brazilian Keyboard;2022-08-01;Sierra;Account real-time;DIPLOMATIC
